{"coverage": 68.93004115226337, "raw_data": {"meta": {"format": 2, "version": "7.5.3", "timestamp": "2024-05-31T20:15:16.955627", "branch_coverage": false, "show_contexts": false}, "files": {"src/senzing_abstract/__init__.py": {"executed_lines": [1, 2, 3, 4, 5, 6, 23, 24, 26], "summary": {"covered_lines": 9, "num_statements": 9, "percent_covered": 100.0, "percent_covered_display": "100", "missing_lines": 0, "excluded_lines": 0}, "missing_lines": [], "excluded_lines": []}, "src/senzing_abstract/observer_abstract.py": {"executed_lines": [], "summary": {"covered_lines": 0, "num_statements": 5, "percent_covered": 0.0, "percent_covered_display": "0", "missing_lines": 5, "excluded_lines": 0}, "missing_lines": [13, 15, 22, 32, 33], "excluded_lines": []}, "src/senzing_abstract/szconfig_abstract.py": {"executed_lines": [3, 9, 10, 14, 15, 16, 17, 24, 25, 34, 35, 53, 54, 87, 88, 105, 106, 129, 130, 150, 151, 170, 171, 203, 204, 231, 232, 262, 263], "summary": {"covered_lines": 27, "num_statements": 27, "percent_covered": 100.0, "percent_covered_display": "100", "missing_lines": 0, "excluded_lines": 0}, "missing_lines": [], "excluded_lines": []}, "src/senzing_abstract/szconfigmanager_abstract.py": {"executed_lines": [3, 9, 10, 14, 15, 16, 17, 24, 25, 34, 35, 52, 53, 79, 80, 99, 100, 126, 127, 150, 151, 168, 169, 199, 200, 223, 224], "summary": {"covered_lines": 25, "num_statements": 25, "percent_covered": 100.0, "percent_covered_display": "100", "missing_lines": 0, "excluded_lines": 0}, "missing_lines": [], "excluded_lines": []}, "src/senzing_abstract/szdiagnostic_abstract.py": {"executed_lines": [3, 7, 8, 12, 13, 14, 15, 22, 23, 31, 32, 48, 49, 76, 77, 96, 97, 119, 120, 123, 124, 157, 158, 175, 176], "summary": {"covered_lines": 23, "num_statements": 23, "percent_covered": 100.0, "percent_covered_display": "100", "missing_lines": 0, "excluded_lines": 0}, "missing_lines": [], "excluded_lines": []}, "src/senzing_abstract/szengine_abstract.py": {"executed_lines": [3, 14, 15, 16, 18, 23, 24, 25, 26, 34, 35, 43, 44, 46, 101, 107, 108, 144, 145, 169, 170, 192, 193, 226, 227, 246, 247, 284, 285, 317, 318, 347, 348, 354, 355, 360, 361, 401, 402, 442, 443, 486, 487, 535, 536, 558, 559, 590, 591, 624, 625, 659, 660, 684, 685, 708, 709, 743, 744, 777, 778, 811, 812, 828, 829, 848, 849, 872, 873, 902, 903, 923, 924, 957, 958, 991, 992, 1025, 1026, 1068, 1087, 1102, 1113, 1126, 1150, 1174, 1200, 1230, 1242, 1259, 1272, 1279, 1293, 1305, 1317, 1332, 1347, 1360, 1384], "summary": {"covered_lines": 97, "num_statements": 117, "percent_covered": 82.90598290598291, "percent_covered_display": "83", "missing_lines": 20, "excluded_lines": 0}, "missing_lines": [1077, 1095, 1106, 1117, 1136, 1160, 1185, 1213, 1237, 1250, 1267, 1274, 1286, 1300, 1312, 1325, 1340, 1355, 1370, 1393], "excluded_lines": []}, "src/senzing_abstract/szengineflags.py": {"executed_lines": [3, 7, 8, 12, 13, 14, 15, 22, 23, 25, 26, 39, 40, 41, 42, 43, 44, 45, 49, 58, 59, 60, 61, 62, 71, 72, 76, 77, 78, 79, 80, 81, 82, 83, 84, 85, 86, 87, 91, 92, 93, 97, 101, 102, 103, 107, 108, 111, 115, 116, 117, 118, 119, 128, 130, 142, 148, 156, 162, 168, 175, 182, 189, 191, 193, 201, 210, 212, 216, 222, 223, 224, 225, 226, 234, 235, 236, 237], "summary": {"covered_lines": 76, "num_statements": 80, "percent_covered": 95.0, "percent_covered_display": "95", "missing_lines": 4, "excluded_lines": 0}, "missing_lines": [32, 33, 34, 35], "excluded_lines": []}, "src/senzing_abstract/szerror.py": {"executed_lines": [2, 9, 10, 11, 12, 13, 14, 18, 34, 35, 36, 44, 45, 55, 56, 59, 60, 63, 64, 67, 68, 80, 81, 84, 85, 97, 98, 101, 102, 113, 114, 117, 118, 121, 122, 125, 126, 135, 574, 575, 579, 580, 581, 582, 585, 586, 594, 604, 625, 634, 651, 669], "summary": {"covered_lines": 37, "num_statements": 63, "percent_covered": 58.73015873015873, "percent_covered_display": "59", "missing_lines": 26, "excluded_lines": 0}, "missing_lines": [600, 601, 610, 619, 620, 621, 622, 631, 640, 641, 642, 643, 644, 645, 646, 647, 648, 660, 664, 665, 666, 682, 685, 686, 696, 697], "excluded_lines": []}, "src/senzing_abstract/szhasher_abstract.py": {"executed_lines": [3, 7, 8, 12, 13, 14, 15, 22, 23, 31, 32, 38, 39, 42, 43, 46, 47, 52, 53, 63, 64, 67, 68], "summary": {"covered_lines": 21, "num_statements": 21, "percent_covered": 100.0, "percent_covered_display": "100", "missing_lines": 0, "excluded_lines": 0}, "missing_lines": [], "excluded_lines": []}, "src/senzing_abstract/szhelpers.py": {"executed_lines": [], "summary": {"covered_lines": 0, "num_statements": 94, "percent_covered": 0.0, "percent_covered_display": "0", "missing_lines": 94, "excluded_lines": 0}, "missing_lines": [9, 11, 12, 13, 14, 15, 26, 27, 28, 30, 31, 33, 39, 40, 41, 50, 53, 54, 55, 57, 58, 60, 66, 99, 102, 103, 104, 105, 106, 107, 108, 109, 110, 116, 117, 118, 119, 120, 121, 122, 123, 124, 127, 128, 129, 130, 131, 134, 141, 149, 160, 163, 164, 173, 182, 183, 186, 187, 192, 200, 202, 203, 204, 205, 208, 209, 210, 213, 216, 223, 224, 225, 226, 227, 230, 231, 232, 234, 242, 255, 259, 260, 261, 264, 277, 278, 279, 287, 293, 294, 295, 296, 297, 298], "excluded_lines": []}, "src/senzing_abstract/szproduct_abstract.py": {"executed_lines": [3, 8, 9, 10, 14, 15, 16, 17, 24, 25, 34, 35, 46, 47, 66, 67, 97, 98, 118, 119, 143, 156], "summary": {"covered_lines": 20, "num_statements": 22, "percent_covered": 90.9090909090909, "percent_covered_display": "91", "missing_lines": 2, "excluded_lines": 0}, "missing_lines": [151, 164], "excluded_lines": []}}, "totals": {"covered_lines": 335, "num_statements": 486, "percent_covered": 68.93004115226337, "percent_covered_display": "69", "missing_lines": 151, "excluded_lines": 0}}, "coverage_path": "."}